{"sensorid":"b1f0b16c5","floor":0,"bayid":1,"timestamp":"2016-10-05T14:34:24.000Z","temperatureincelsius":3.3027448455350217,"humidityinpercentage":0.8131615817095905,"manualtrigger":false,"building":16,"campus":5}{"sensorid":"b3f0b16c5","floor":0,"bayid":3,"timestamp":"2016-10-05T14:35:02.000Z","temperatureincelsius":21.968916232217527,"humidityinpercentage":1.4600196678890005,"manualtrigger":false,"building":16,"campus":5}{"sensorid":"b9f4b33c9","floor":4,"bayid":9,"timestamp":"2016-10-05T16:29:12.000Z","temperatureincelsius":31.319050025343454,"humidityinpercentage":0.9383397530477213,"manualtrigger":false,"building":33,"campus":9}{"sensorid":"b2f3b33c9","floor":3,"bayid":2,"timestamp":"2016-10-05T16:29:12.000Z","temperatureincelsius":31.251045412966537,"humidityinpercentage":0.6751531272545238,"manualtrigger":false,"building":33,"campus":9}{"sensorid":"b7f7b33c9","floor":7,"bayid":7,"timestamp":"2016-10-05T16:29:12.000Z","temperatureincelsius":31.66578701029801,"humidityinpercentage":0.5540201342403983,"manualtrigger":false,"building":33,"campus":9}{"sensorid":"b9f4b33c9","floor":4,"bayid":9,"timestamp":"2016-10-05T16:29:12.000Z","temperatureincelsius":31.334880551944895,"humidityinpercentage":0.47487810322310686,"manualtrigger":false,"building":33,"campus":9}{"sensorid":"b5f7b33c9","floor":7,"bayid":5,"timestamp":"2016-10-05T16:29:12.000Z","temperatureincelsius":31.647870211698056,"humidityinpercentage":0.9957376322689175,"manualtrigger":false,"building":33,"campus":9}{"sensorid":"b8f1b33c9","floor":1,"bayid":8,"timestamp":"2016-10-05T16:29:12.000Z","temperatureincelsius":31.04451739696996,"humidityinpercentage":0.48957393899540136,"manualtrigger":false,"building":33,"campus":9}{"sensorid":"b5f10b33c9","floor":10,"bayid":5,"timestamp":"2016-10-05T16:29:12.000Z","temperatureincelsius":31.692040652824584,"humidityinpercentage":0.5034420888374755,"manualtrigger":false,"building":33,"campus":9}{"sensorid":"b5f14b33c9","floor":14,"bayid":5,"timestamp":"2016-10-05T16:29:12.000Z","temperatureincelsius":31.236861597856908,"humidityinpercentage":0.7887402376107593,"manualtrigger":false,"building":33,"campus":9}{"sensorid":"b7f6b33c9","floor":6,"bayid":7,"timestamp":"2016-10-05T16:29:12.000Z","temperatureincelsius":31.46526471826493,"humidityinpercentage":0.5162044114043025,"manualtrigger":false,"building":33,"campus":9}{"sensorid":"b5f9b33c9","floor":9,"bayid":5,"timestamp":"2016-10-05T16:29:12.000Z","temperatureincelsius":31.569122941963897,"humidityinpercentage":0.4862382205092526,"manualtrigger":false,"building":33,"campus":9}{"sensorid":"b1f3b33c9","floor":3,"bayid":1,"timestamp":"2016-10-05T16:29:12.000Z","temperatureincelsius":31.271898123096626,"humidityinpercentage":0.6074056027491603,"manualtrigger":false,"building":33,"campus":9}{"sensorid":"b4f5b33c9","floor":5,"bayid":4,"timestamp":"2016-10-05T16:29:12.000Z","temperatureincelsius":31.603636656237597,"humidityinpercentage":0.7791420797720282,"manualtrigger":false,"building":33,"campus":9}{"sensorid":"b8f8b33c9","floor":8,"bayid":8,"timestamp":"2016-10-05T16:29:12.000Z","temperatureincelsius":31.056366933070294,"humidityinpercentage":0.5217870032469681,"manualtrigger":false,"building":33,"campus":9}{"sensorid":"b6f7b33c9","floor":7,"bayid":6,"timestamp":"2016-10-05T16:29:12.000Z","temperatureincelsius":31.34497916341991,"humidityinpercentage":0.9308142698979072,"manualtrigger":false,"building":33,"campus":9}{"sensorid":"b2f14b33c9","floor":14,"bayid":2,"timestamp":"2016-10-05T16:29:12.000Z","temperatureincelsius":31.482707502079524,"humidityinpercentage":0.4823340342763504,"manualtrigger":false,"building":33,"campus":9}{"sensorid":"b5f13b33c9","floor":13,"bayid":5,"timestamp":"2016-10-05T16:29:12.000Z","temperatureincelsius":31.1677994449473,"humidityinpercentage":0.8118781022782802,"manualtrigger":false,"building":33,"campus":9}{"sensorid":"b2f13b33c9","floor":13,"bayid":2,"timestamp":"2016-10-05T16:29:12.000Z","temperatureincelsius":31.504413245015037,"humidityinpercentage":0.5430427987794592,"manualtrigger":false,"building":33,"campus":9}{"sensorid":"b7f12b33c9","floor":12,"bayid":7,"timestamp":"2016-10-05T16:29:12.000Z","temperatureincelsius":31.795713703984262,"humidityinpercentage":0.9017375628006353,"manualtrigger":false,"building":33,"campus":9}{"sensorid":"b9f9b33c9","floor":9,"bayid":9,"timestamp":"2016-10-05T16:29:12.000Z","temperatureincelsius":31.95510543042566,"humidityinpercentage":0.6079309827685034,"manualtrigger":false,"building":33,"campus":9}{"sensorid":"b8f7b33c9","floor":7,"bayid":8,"timestamp":"2016-10-05T16:29:12.000Z","temperatureincelsius":31.926316635183206,"humidityinpercentage":0.5198814030317037,"manualtrigger":false,"building":33,"campus":9}{"sensorid":"b1f13b33c9","floor":13,"bayid":1,"timestamp":"2016-10-05T16:29:12.000Z","temperatureincelsius":31.487487472355127,"humidityinpercentage":0.9360226043202088,"manualtrigger":false,"building":33,"campus":9}{"sensorid":"b3f9b7c18","floor":9,"bayid":3,"timestamp":"2016-10-05T16:34:16.000Z","temperatureincelsius":31.969948000726266,"humidityinpercentage":0.603228449636711,"manualtrigger":false,"building":7,"campus":18}{"sensorid":"b1f6b7c18","floor":6,"bayid":1,"timestamp":"2016-10-05T16:34:16.000Z","temperatureincelsius":31.30950114843878,"humidityinpercentage":0.5520790026300023,"manualtrigger":false,"building":7,"campus":18}{"sensorid":"b1f8b7c18","floor":8,"bayid":1,"timestamp":"2016-10-05T16:34:16.000Z","temperatureincelsius":31.857121627245622,"humidityinpercentage":0.47591149549275247,"manualtrigger":false,"building":7,"campus":18}{"sensorid":"b6f10b7c18","floor":10,"bayid":6,"timestamp":"2016-10-05T16:34:16.000Z","temperatureincelsius":31.687353765446392,"humidityinpercentage":0.46220154429888427,"manualtrigger":false,"building":7,"campus":18}{"sensorid":"b3f13b7c18","floor":13,"bayid":3,"timestamp":"2016-10-05T16:34:16.000Z","temperatureincelsius":31.932120865179282,"humidityinpercentage":0.6393571438451098,"manualtrigger":false,"building":7,"campus":18}{"sensorid":"b2f9b7c18","floor":9,"bayid":2,"timestamp":"2016-10-05T16:34:16.000Z","temperatureincelsius":31.191832583021295,"humidityinpercentage":0.5264703205863341,"manualtrigger":false,"building":7,"campus":18}{"sensorid":"b1f4b7c18","floor":4,"bayid":1,"timestamp":"2016-10-05T16:34:16.000Z","temperatureincelsius":31.51178849232932,"humidityinpercentage":0.5542262478937516,"manualtrigger":false,"building":7,"campus":18}{"sensorid":"b8f14b7c18","floor":14,"bayid":8,"timestamp":"2016-10-05T16:34:16.000Z","temperatureincelsius":31.910784529480516,"humidityinpercentage":0.47453846804543326,"manualtrigger":false,"building":7,"campus":18}{"sensorid":"b2f11b7c18","floor":11,"bayid":2,"timestamp":"2016-10-05T16:34:16.000Z","temperatureincelsius":31.22231934090253,"humidityinpercentage":0.7052795433929561,"manualtrigger":false,"building":7,"campus":18}{"sensorid":"b2f3b7c18","floor":3,"bayid":2,"timestamp":"2016-10-05T16:34:16.000Z","temperatureincelsius":31.705015960943427,"humidityinpercentage":0.5836943632847138,"manualtrigger":false,"building":7,"campus":18}{"sensorid":"b5f11b7c18","floor":11,"bayid":5,"timestamp":"2016-10-05T16:34:16.000Z","temperatureincelsius":31.128120500188377,"humidityinpercentage":0.5145951451289446,"manualtrigger":false,"building":7,"campus":18}{"sensorid":"b9f9b7c18","floor":9,"bayid":9,"timestamp":"2016-10-05T16:34:16.000Z","temperatureincelsius":31.03567020736433,"humidityinpercentage":0.6667499536027899,"manualtrigger":false,"building":7,"campus":18}{"sensorid":"b4f2b7c18","floor":2,"bayid":4,"timestamp":"2016-10-05T16:34:16.000Z","temperatureincelsius":31.99443099647501,"humidityinpercentage":0.5404810302613681,"manualtrigger":false,"building":7,"campus":18}{"sensorid":"b6f4b7c18","floor":4,"bayid":6,"timestamp":"2016-10-05T16:34:16.000Z","temperatureincelsius":31.28443712149022,"humidityinpercentage":0.6674135055706899,"manualtrigger":false,"building":7,"campus":18}{"sensorid":"b4f13b7c18","floor":13,"bayid":4,"timestamp":"2016-10-05T16:34:16.000Z","temperatureincelsius":31.5124150959367,"humidityinpercentage":0.8665737415973906,"manualtrigger":false,"building":7,"campus":18}{"sensorid":"b9f4b7c18","floor":4,"bayid":9,"timestamp":"2016-10-05T16:34:16.000Z","temperatureincelsius":31.72915009443143,"humidityinpercentage":0.482103955406744,"manualtrigger":false,"building":7,"campus":18}{"sensorid":"b6f6b7c18","floor":6,"bayid":6,"timestamp":"2016-10-05T16:34:16.000Z","temperatureincelsius":31.15675867309643,"humidityinpercentage":0.8433321499467511,"manualtrigger":false,"building":7,"campus":18}{"sensorid":"b5f14b7c18","floor":14,"bayid":5,"timestamp":"2016-10-05T16:34:16.000Z","temperatureincelsius":31.312379984796223,"humidityinpercentage":0.4868395067177897,"manualtrigger":false,"building":7,"campus":18}{"sensorid":"b2f5b7c18","floor":5,"bayid":2,"timestamp":"2016-10-05T16:34:16.000Z","temperatureincelsius":31.15209352045883,"humidityinpercentage":0.5376020048407847,"manualtrigger":false,"building":7,"campus":18}{"sensorid":"b5f12b7c18","floor":12,"bayid":5,"timestamp":"2016-10-05T16:34:16.000Z","temperatureincelsius":31.122591883932515,"humidityinpercentage":0.4994027141944518,"manualtrigger":false,"building":7,"campus":18}{"sensorid":"b2f12b7c18","floor":12,"bayid":2,"timestamp":"2016-10-05T16:34:16.000Z","temperatureincelsius":31.749467356479478,"humidityinpercentage":0.7241361866351851,"manualtrigger":false,"building":7,"campus":18}{"sensorid":"b9f6b7c18","floor":6,"bayid":9,"timestamp":"2016-10-05T16:34:16.000Z","temperatureincelsius":31.828016179999345,"humidityinpercentage":0.8699409118247875,"manualtrigger":false,"building":7,"campus":18}{"sensorid":"b4f8b7c18","floor":8,"bayid":4,"timestamp":"2016-10-05T16:34:16.000Z","temperatureincelsius":31.321708932668766,"humidityinpercentage":0.5063438793627284,"manualtrigger":false,"building":7,"campus":18}{"sensorid":"b7f12b7c18","floor":12,"bayid":7,"timestamp":"2016-10-05T16:34:16.000Z","temperatureincelsius":31.67291302172137,"humidityinpercentage":0.5319887228412501,"manualtrigger":false,"building":7,"campus":18}{"sensorid":"b1f1b7c18","floor":1,"bayid":1,"timestamp":"2016-10-05T16:34:16.000Z","temperatureincelsius":31.73916256462185,"humidityinpercentage":0.5512952774536308,"manualtrigger":false,"building":7,"campus":18}{"sensorid":"b4f3b7c18","floor":3,"bayid":4,"timestamp":"2016-10-05T16:34:16.000Z","temperatureincelsius":31.221636800664307,"humidityinpercentage":0.5226846693608372,"manualtrigger":false,"building":7,"campus":18}{"sensorid":"b8f13b7c18","floor":13,"bayid":8,"timestamp":"2016-10-05T16:34:16.000Z","temperatureincelsius":31.37893728463861,"humidityinpercentage":0.5680957861515208,"manualtrigger":false,"building":7,"campus":18}{"sensorid":"b2f13b7c18","floor":13,"bayid":2,"timestamp":"2016-10-05T16:34:16.000Z","temperatureincelsius":31.208288283184306,"humidityinpercentage":0.5363331728318395,"manualtrigger":false,"building":7,"campus":18}{"sensorid":"b8f1b7c18","floor":1,"bayid":8,"timestamp":"2016-10-05T16:34:16.000Z","temperatureincelsius":31.68289395406977,"humidityinpercentage":0.5357428028368124,"manualtrigger":false,"building":7,"campus":18}{"sensorid":"b5f1b7c18","floor":1,"bayid":5,"timestamp":"2016-10-05T16:34:16.000Z","temperatureincelsius":31.140869115079227,"humidityinpercentage":0.5051290812879471,"manualtrigger":false,"building":7,"campus":18}{"sensorid":"b5f5b7c18","floor":5,"bayid":5,"timestamp":"2016-10-05T16:34:16.000Z","temperatureincelsius":31.4026308895101,"humidityinpercentage":0.8902073176066425,"manualtrigger":false,"building":7,"campus":18}{"sensorid":"b6f2b7c18","floor":2,"bayid":6,"timestamp":"2016-10-05T16:34:16.000Z","temperatureincelsius":31.43386134804872,"humidityinpercentage":0.49310152627672144,"manualtrigger":false,"building":7,"campus":18}{"sensorid":"b7f13b7c18","floor":13,"bayid":7,"timestamp":"2016-10-05T16:34:16.000Z","temperatureincelsius":31.31563834581321,"humidityinpercentage":0.443108677604752,"manualtrigger":false,"building":7,"campus":18}{"sensorid":"b1f8b7c18","floor":8,"bayid":1,"timestamp":"2016-10-05T16:34:16.000Z","temperatureincelsius":31.06475074778532,"humidityinpercentage":0.9913417301100408,"manualtrigger":false,"building":7,"campus":18}{"sensorid":"b6f6b7c18","floor":6,"bayid":6,"timestamp":"2016-10-05T16:34:16.000Z","temperatureincelsius":31.93772344986802,"humidityinpercentage":0.5636433505702966,"manualtrigger":false,"building":7,"campus":18}{"sensorid":"b9f8b7c18","floor":8,"bayid":9,"timestamp":"2016-10-05T16:34:16.000Z","temperatureincelsius":31.742822521712082,"humidityinpercentage":0.5238661437872174,"manualtrigger":false,"building":7,"campus":18}{"sensorid":"b4f11b7c18","floor":11,"bayid":4,"timestamp":"2016-10-05T16:34:16.000Z","temperatureincelsius":31.445458083155312,"humidityinpercentage":0.6699657769268219,"manualtrigger":false,"building":7,"campus":18}{"sensorid":"b2f9b7c18","floor":9,"bayid":2,"timestamp":"2016-10-05T16:34:16.000Z","temperatureincelsius":31.7861811787757,"humidityinpercentage":0.5169497512313304,"manualtrigger":false,"building":7,"campus":18}{"sensorid":"b8f8b7c18","floor":8,"bayid":8,"timestamp":"2016-10-05T16:34:16.000Z","temperatureincelsius":31.996728298252787,"humidityinpercentage":0.5178342051374885,"manualtrigger":false,"building":7,"campus":18}{"sensorid":"b8f5b7c18","floor":5,"bayid":8,"timestamp":"2016-10-05T16:34:16.000Z","temperatureincelsius":31.69231937997617,"humidityinpercentage":0.7103766313336681,"manualtrigger":false,"building":7,"campus":18}{"sensorid":"b4f1b7c18","floor":1,"bayid":4,"timestamp":"2016-10-05T16:34:16.000Z","temperatureincelsius":31.622582305978323,"humidityinpercentage":0.5070135924951237,"manualtrigger":false,"building":7,"campus":18}{"sensorid":"b6f11b7c18","floor":11,"bayid":6,"timestamp":"2016-10-05T16:34:16.000Z","temperatureincelsius":31.42825829956134,"humidityinpercentage":0.4895891897285307,"manualtrigger":false,"building":7,"campus":18}{"sensorid":"b9f10b7c18","floor":10,"bayid":9,"timestamp":"2016-10-05T16:34:16.000Z","temperatureincelsius":31.442341064774592,"humidityinpercentage":0.5490248569469083,"manualtrigger":false,"building":7,"campus":18}{"sensorid":"b1f1b7c18","floor":1,"bayid":1,"timestamp":"2016-10-05T16:34:16.000Z","temperatureincelsius":31.243762866707407,"humidityinpercentage":0.4946465853530199,"manualtrigger":false,"building":7,"campus":18}{"sensorid":"b5f13b7c18","floor":13,"bayid":5,"timestamp":"2016-10-05T16:34:16.000Z","temperatureincelsius":31.543589765459107,"humidityinpercentage":0.8749895295477423,"manualtrigger":false,"building":7,"campus":18}{"sensorid":"b6f11b7c18","floor":11,"bayid":6,"timestamp":"2016-10-05T16:34:16.000Z","temperatureincelsius":31.167553261000457,"humidityinpercentage":0.5383432612886387,"manualtrigger":false,"building":7,"campus":18}{"sensorid":"b1f4b7c18","floor":4,"bayid":1,"timestamp":"2016-10-05T16:34:16.000Z","temperatureincelsius":31.567961247902346,"humidityinpercentage":0.6040413899366005,"manualtrigger":false,"building":7,"campus":18}{"sensorid":"b6f13b7c18","floor":13,"bayid":6,"timestamp":"2016-10-05T16:34:16.000Z","temperatureincelsius":31.20163456220256,"humidityinpercentage":0.5619722550045569,"manualtrigger":false,"building":7,"campus":18}{"sensorid":"b7f4b7c18","floor":4,"bayid":7,"timestamp":"2016-10-05T16:34:16.000Z","temperatureincelsius":31.649913208861793,"humidityinpercentage":0.9355304562186498,"manualtrigger":false,"building":7,"campus":18}{"sensorid":"b9f8b7c18","floor":8,"bayid":9,"timestamp":"2016-10-05T16:34:16.000Z","temperatureincelsius":31.922669372950992,"humidityinpercentage":0.5814379465679815,"manualtrigger":false,"building":7,"campus":18}{"sensorid":"b4f4b7c18","floor":4,"bayid":4,"timestamp":"2016-10-05T16:34:16.000Z","temperatureincelsius":31.721704142969894,"humidityinpercentage":0.4639960413165372,"manualtrigger":false,"building":7,"campus":18}{"sensorid":"b2f10b7c18","floor":10,"bayid":2,"timestamp":"2016-10-05T16:34:16.000Z","temperatureincelsius":31.979659293303108,"humidityinpercentage":0.8279216651934765,"manualtrigger":false,"building":7,"campus":18}{"sensorid":"b3f14b7c18","floor":14,"bayid":3,"timestamp":"2016-10-05T16:34:16.000Z","temperatureincelsius":31.60383896557793,"humidityinpercentage":0.9109424221846006,"manualtrigger":false,"building":7,"campus":18}{"sensorid":"b8f12b7c18","floor":12,"bayid":8,"timestamp":"2016-10-05T16:34:16.000Z","temperatureincelsius":31.079798609055484,"humidityinpercentage":0.6798345705866043,"manualtrigger":false,"building":7,"campus":18}{"sensorid":"b8f8b7c18","floor":8,"bayid":8,"timestamp":"2016-10-05T16:34:16.000Z","temperatureincelsius":31.13308997365324,"humidityinpercentage":0.5025081762543452,"manualtrigger":false,"building":7,"campus":18}{"sensorid":"b2f12b7c18","floor":12,"bayid":2,"timestamp":"2016-10-05T16:34:16.000Z","temperatureincelsius":31.645020881502433,"humidityinpercentage":0.5013450913090934,"manualtrigger":false,"building":7,"campus":18}{"sensorid":"b5f3b7c18","floor":3,"bayid":5,"timestamp":"2016-10-05T16:34:16.000Z","temperatureincelsius":31.374561549804437,"humidityinpercentage":0.8399436393938696,"manualtrigger":false,"building":7,"campus":18}{"sensorid":"b4f5b7c18","floor":5,"bayid":4,"timestamp":"2016-10-05T16:34:16.000Z","temperatureincelsius":31.11730849748352,"humidityinpercentage":0.5081863103425998,"manualtrigger":false,"building":7,"campus":18}{"sensorid":"b9f14b7c18","floor":14,"bayid":9,"timestamp":"2016-10-05T16:34:16.000Z","temperatureincelsius":31.517872069272155,"humidityinpercentage":0.4047091288514012,"manualtrigger":false,"building":7,"campus":18}{"sensorid":"b1f10b7c18","floor":10,"bayid":1,"timestamp":"2016-10-05T16:34:16.000Z","temperatureincelsius":31.90351410717867,"humidityinpercentage":0.5667672970130887,"manualtrigger":false,"building":7,"campus":18}{"sensorid":"b3f11b7c18","floor":11,"bayid":3,"timestamp":"2016-10-05T16:34:16.000Z","temperatureincelsius":31.34377077331011,"humidityinpercentage":0.6024865953263299,"manualtrigger":false,"building":7,"campus":18}{"sensorid":"b3f5b7c18","floor":5,"bayid":3,"timestamp":"2016-10-05T16:34:16.000Z","temperatureincelsius":31.504132537406,"humidityinpercentage":0.8871334567140478,"manualtrigger":false,"building":7,"campus":18}{"sensorid":"b2f14b7c18","floor":14,"bayid":2,"timestamp":"2016-10-05T16:34:16.000Z","temperatureincelsius":31.047247958857216,"humidityinpercentage":0.5230990431798151,"manualtrigger":false,"building":7,"campus":18}{"sensorid":"b4f9b7c18","floor":9,"bayid":4,"timestamp":"2016-10-05T16:34:16.000Z","temperatureincelsius":31.384219588890772,"humidityinpercentage":0.5329005506508521,"manualtrigger":false,"building":7,"campus":18}{"sensorid":"b6f10b7c18","floor":10,"bayid":6,"timestamp":"2016-10-05T16:34:16.000Z","temperatureincelsius":31.974078379559366,"humidityinpercentage":0.48446034433993523,"manualtrigger":false,"building":7,"campus":18}{"sensorid":"b6f12b8c14","floor":12,"bayid":6,"timestamp":"2016-10-05T16:39:19.000Z","temperatureincelsius":31.506830299509144,"humidityinpercentage":0.4339825531626039,"manualtrigger":false,"building":8,"campus":14}{"sensorid":"b5f8b8c14","floor":8,"bayid":5,"timestamp":"2016-10-05T16:39:19.000Z","temperatureincelsius":31.52548784042033,"humidityinpercentage":0.8267946479966839,"manualtrigger":false,"building":8,"campus":14}{"sensorid":"b5f6b8c14","floor":6,"bayid":5,"timestamp":"2016-10-05T16:39:19.000Z","temperatureincelsius":31.819043436003405,"humidityinpercentage":0.5293089507749812,"manualtrigger":false,"building":8,"campus":14}{"sensorid":"b5f4b8c14","floor":4,"bayid":5,"timestamp":"2016-10-05T16:39:19.000Z","temperatureincelsius":31.29667263305591,"humidityinpercentage":0.593346081484736,"manualtrigger":false,"building":8,"campus":14}{"sensorid":"b9f10b8c14","floor":10,"bayid":9,"timestamp":"2016-10-05T16:39:19.000Z","temperatureincelsius":31.614080243098588,"humidityinpercentage":0.5551576924254921,"manualtrigger":false,"building":8,"campus":14}{"sensorid":"b9f6b8c14","floor":6,"bayid":9,"timestamp":"2016-10-05T16:39:19.000Z","temperatureincelsius":31.910481946035514,"humidityinpercentage":0.6828130626505302,"manualtrigger":false,"building":8,"campus":14}{"sensorid":"b1f8b8c14","floor":8,"bayid":1,"timestamp":"2016-10-05T16:39:19.000Z","temperatureincelsius":31.503992453452195,"humidityinpercentage":0.6932525945330283,"manualtrigger":false,"building":8,"campus":14}{"sensorid":"b3f11b8c14","floor":11,"bayid":3,"timestamp":"2016-10-05T16:39:19.000Z","temperatureincelsius":31.64947023552352,"humidityinpercentage":0.6675354445667637,"manualtrigger":false,"building":8,"campus":14}{"sensorid":"b6f11b8c14","floor":11,"bayid":6,"timestamp":"2016-10-05T16:39:19.000Z","temperatureincelsius":31.438974711782752,"humidityinpercentage":0.6999576593283366,"manualtrigger":false,"building":8,"campus":14}{"sensorid":"b6f5b8c14","floor":5,"bayid":6,"timestamp":"2016-10-05T16:39:19.000Z","temperatureincelsius":31.301855339343593,"humidityinpercentage":0.5674818792648064,"manualtrigger":false,"building":8,"campus":14}{"sensorid":"b5f6b8c14","floor":6,"bayid":5,"timestamp":"2016-10-05T16:39:19.000Z","temperatureincelsius":31.792634294271764,"humidityinpercentage":0.8747105425571606,"manualtrigger":false,"building":8,"campus":14}{"sensorid":"b6f11b8c14","floor":11,"bayid":6,"timestamp":"2016-10-05T16:39:19.000Z","temperatureincelsius":31.981985565266566,"humidityinpercentage":0.6924715660011729,"manualtrigger":false,"building":8,"campus":14}{"sensorid":"b5f1b8c14","floor":1,"bayid":5,"timestamp":"2016-10-05T16:39:19.000Z","temperatureincelsius":31.724233095871394,"humidityinpercentage":0.6034247640536282,"manualtrigger":false,"building":8,"campus":14}{"sensorid":"b3f8b8c14","floor":8,"bayid":3,"timestamp":"2016-10-05T16:39:19.000Z","temperatureincelsius":31.384267619058615,"humidityinpercentage":0.5163677754841595,"manualtrigger":false,"building":8,"campus":14}{"sensorid":"b9f12b8c14","floor":12,"bayid":9,"timestamp":"2016-10-05T16:39:19.000Z","temperatureincelsius":31.324847436661294,"humidityinpercentage":0.9869376625804872,"manualtrigger":false,"building":8,"campus":14}{"sensorid":"b1f12b8c14","floor":12,"bayid":1,"timestamp":"2016-10-05T16:39:19.000Z","temperatureincelsius":31.559884308166748,"humidityinpercentage":0.7523650716768415,"manualtrigger":false,"building":8,"campus":14}{"sensorid":"b7f3b8c14","floor":3,"bayid":7,"timestamp":"2016-10-05T16:39:19.000Z","temperatureincelsius":31.89189712977591,"humidityinpercentage":0.7955348872558842,"manualtrigger":false,"building":8,"campus":14}{"sensorid":"b8f9b8c14","floor":9,"bayid":8,"timestamp":"2016-10-05T16:39:19.000Z","temperatureincelsius":31.95742526881277,"humidityinpercentage":0.6802492261306612,"manualtrigger":false,"building":8,"campus":14}{"sensorid":"b4f5b8c14","floor":5,"bayid":4,"timestamp":"2016-10-05T16:39:19.000Z","temperatureincelsius":31.876861217374383,"humidityinpercentage":0.594843889397962,"manualtrigger":false,"building":8,"campus":14}{"sensorid":"b6f1b8c14","floor":1,"bayid":6,"timestamp":"2016-10-05T16:39:19.000Z","temperatureincelsius":31.078342687375073,"humidityinpercentage":0.5584682079723423,"manualtrigger":false,"building":8,"campus":14}{"sensorid":"b5f12b8c14","floor":12,"bayid":5,"timestamp":"2016-10-05T16:39:19.000Z","temperatureincelsius":31.208678168341834,"humidityinpercentage":0.5056111948544212,"manualtrigger":false,"building":8,"campus":14}{"sensorid":"b1f1b8c14","floor":1,"bayid":1,"timestamp":"2016-10-05T16:39:19.000Z","temperatureincelsius":31.410110322483867,"humidityinpercentage":0.4936804011853786,"manualtrigger":false,"building":8,"campus":14}{"sensorid":"b4f3b8c14","floor":3,"bayid":4,"timestamp":"2016-10-05T16:39:19.000Z","temperatureincelsius":31.77935963719122,"humidityinpercentage":0.8119035758133528,"manualtrigger":false,"building":8,"campus":14}{"sensorid":"b9f5b8c14","floor":5,"bayid":9,"timestamp":"2016-10-05T16:39:19.000Z","temperatureincelsius":31.244025590943185,"humidityinpercentage":0.6760612291638093,"manualtrigger":false,"building":8,"campus":14}{"sensorid":"b8f1b8c14","floor":1,"bayid":8,"timestamp":"2016-10-05T16:39:19.000Z","temperatureincelsius":31.101700228220643,"humidityinpercentage":0.4529623838388186,"manualtrigger":false,"building":8,"campus":14}{"sensorid":"b8f3b8c14","floor":3,"bayid":8,"timestamp":"2016-10-05T16:39:19.000Z","temperatureincelsius":31.894411004564915,"humidityinpercentage":0.887859452463621,"manualtrigger":false,"building":8,"campus":14}{"sensorid":"b1f1b8c14","floor":1,"bayid":1,"timestamp":"2016-10-05T16:39:19.000Z","temperatureincelsius":31.21636856683361,"humidityinpercentage":0.9408267582491164,"manualtrigger":false,"building":8,"campus":14}{"sensorid":"b6f12b8c14","floor":12,"bayid":6,"timestamp":"2016-10-05T16:39:19.000Z","temperatureincelsius":31.625601458188893,"humidityinpercentage":0.8848266186587637,"manualtrigger":false,"building":8,"campus":14}{"sensorid":"b7f14b8c14","floor":14,"bayid":7,"timestamp":"2016-10-05T16:39:19.000Z","temperatureincelsius":31.43325757674559,"humidityinpercentage":0.5119354008705985,"manualtrigger":false,"building":8,"campus":14}{"sensorid":"b6f5b8c14","floor":5,"bayid":6,"timestamp":"2016-10-05T16:39:19.000Z","temperatureincelsius":31.712135028425667,"humidityinpercentage":0.7269648428666242,"manualtrigger":false,"building":8,"campus":14}{"sensorid":"b7f11b8c14","floor":11,"bayid":7,"timestamp":"2016-10-05T16:39:19.000Z","temperatureincelsius":31.448461624071218,"humidityinpercentage":0.6054536251376633,"manualtrigger":false,"building":8,"campus":14}{"sensorid":"b8f3b8c14","floor":3,"bayid":8,"timestamp":"2016-10-05T16:39:19.000Z","temperatureincelsius":31.71715229876207,"humidityinpercentage":0.542138520456915,"manualtrigger":false,"building":8,"campus":14}{"sensorid":"b1f3b8c14","floor":3,"bayid":1,"timestamp":"2016-10-05T16:39:19.000Z","temperatureincelsius":31.778148738564063,"humidityinpercentage":0.5804970947003444,"manualtrigger":false,"building":8,"campus":14}{"sensorid":"b9f9b8c14","floor":9,"bayid":9,"timestamp":"2016-10-05T16:39:19.000Z","temperatureincelsius":31.559698429219285,"humidityinpercentage":0.5372294078242171,"manualtrigger":false,"building":8,"campus":14}{"sensorid":"b9f5b8c14","floor":5,"bayid":9,"timestamp":"2016-10-05T16:39:19.000Z","temperatureincelsius":31.161737318691674,"humidityinpercentage":0.9962461735104425,"manualtrigger":false,"building":8,"campus":14}{"sensorid":"b8f7b8c14","floor":7,"bayid":8,"timestamp":"2016-10-05T16:39:19.000Z","temperatureincelsius":31.486810198746067,"humidityinpercentage":0.5576495335240148,"manualtrigger":false,"building":8,"campus":14}{"sensorid":"b6f13b8c14","floor":13,"bayid":6,"timestamp":"2016-10-05T16:39:19.000Z","temperatureincelsius":31.06622902632981,"humidityinpercentage":0.4967176986796398,"manualtrigger":false,"building":8,"campus":14}{"sensorid":"b8f1b8c14","floor":1,"bayid":8,"timestamp":"2016-10-05T16:39:19.000Z","temperatureincelsius":31.052504151618344,"humidityinpercentage":0.4924220375215737,"manualtrigger":false,"building":8,"campus":14}{"sensorid":"b3f6b8c14","floor":6,"bayid":3,"timestamp":"2016-10-05T16:39:19.000Z","temperatureincelsius":31.711564714886045,"humidityinpercentage":0.5305530501625282,"manualtrigger":false,"building":8,"campus":14}{"sensorid":"b7f5b8c14","floor":5,"bayid":7,"timestamp":"2016-10-05T16:39:19.000Z","temperatureincelsius":31.070504115927267,"humidityinpercentage":0.92835218316333,"manualtrigger":false,"building":8,"campus":14}{"sensorid":"b3f3b8c14","floor":3,"bayid":3,"timestamp":"2016-10-05T16:39:19.000Z","temperatureincelsius":31.86825398535852,"humidityinpercentage":0.43607021422873726,"manualtrigger":false,"building":8,"campus":14}{"sensorid":"b1f1b8c14","floor":1,"bayid":1,"timestamp":"2016-10-05T16:39:19.000Z","temperatureincelsius":31.950755443401054,"humidityinpercentage":0.4902942459472894,"manualtrigger":false,"building":8,"campus":14}{"sensorid":"b4f1b8c14","floor":1,"bayid":4,"timestamp":"2016-10-05T16:39:19.000Z","temperatureincelsius":31.324825517984493,"humidityinpercentage":0.47273836166725414,"manualtrigger":false,"building":8,"campus":14}{"sensorid":"b2f11b8c14","floor":11,"bayid":2,"timestamp":"2016-10-05T16:39:19.000Z","temperatureincelsius":31.89728793823034,"humidityinpercentage":0.5421141047180231,"manualtrigger":false,"building":8,"campus":14}{"sensorid":"b3f13b8c14","floor":13,"bayid":3,"timestamp":"2016-10-05T16:39:19.000Z","temperatureincelsius":31.03844814702796,"humidityinpercentage":0.9228223180038958,"manualtrigger":false,"building":8,"campus":14}{"sensorid":"b1f10b8c14","floor":10,"bayid":1,"timestamp":"2016-10-05T16:39:19.000Z","temperatureincelsius":31.190478420439398,"humidityinpercentage":0.5404825828180101,"manualtrigger":false,"building":8,"campus":14}{"sensorid":"b2f5b8c14","floor":5,"bayid":2,"timestamp":"2016-10-05T16:39:19.000Z","temperatureincelsius":31.25236290053109,"humidityinpercentage":0.559335789903689,"manualtrigger":false,"building":8,"campus":14}{"sensorid":"b9f7b8c14","floor":7,"bayid":9,"timestamp":"2016-10-05T16:39:19.000Z","temperatureincelsius":31.629240353884754,"humidityinpercentage":0.6281525034588541,"manualtrigger":false,"building":8,"campus":14}{"sensorid":"b3f4b8c14","floor":4,"bayid":3,"timestamp":"2016-10-05T16:39:19.000Z","temperatureincelsius":31.66941460253178,"humidityinpercentage":0.6854468582595916,"manualtrigger":false,"building":8,"campus":14}{"sensorid":"b6f1b8c14","floor":1,"bayid":6,"timestamp":"2016-10-05T16:39:19.000Z","temperatureincelsius":31.546374542427422,"humidityinpercentage":0.5219011146211536,"manualtrigger":false,"building":8,"campus":14}{"sensorid":"b9f14b8c14","floor":14,"bayid":9,"timestamp":"2016-10-05T16:39:19.000Z","temperatureincelsius":31.650036899209972,"humidityinpercentage":0.815631931096144,"manualtrigger":false,"building":8,"campus":14}{"sensorid":"b7f11b8c14","floor":11,"bayid":7,"timestamp":"2016-10-05T16:39:19.000Z","temperatureincelsius":31.329886242900923,"humidityinpercentage":0.6122453392540316,"manualtrigger":false,"building":8,"campus":14}{"sensorid":"b5f7b8c14","floor":7,"bayid":5,"timestamp":"2016-10-05T16:39:19.000Z","temperatureincelsius":31.779146520318065,"humidityinpercentage":0.8471769633922619,"manualtrigger":false,"building":8,"campus":14}{"sensorid":"b3f3b8c14","floor":3,"bayid":3,"timestamp":"2016-10-05T16:39:19.000Z","temperatureincelsius":31.849059516493725,"humidityinpercentage":0.6363969708962351,"manualtrigger":false,"building":8,"campus":14}{"sensorid":"b7f4b28c49","floor":4,"bayid":7,"timestamp":"2016-10-05T17:10:44.000Z","temperatureincelsius":31.655164328243195,"humidityinpercentage":0.9582336474946856,"manualtrigger":false,"building":28,"campus":49}{"sensorid":"b4f4b28c49","floor":4,"bayid":4,"timestamp":"2016-10-05T17:10:44.000Z","temperatureincelsius":31.17674281456356,"humidityinpercentage":0.8984328479964439,"manualtrigger":false,"building":28,"campus":49}{"sensorid":"b3f7b28c49","floor":7,"bayid":3,"timestamp":"2016-10-05T17:10:44.000Z","temperatureincelsius":31.878164679220955,"humidityinpercentage":0.913265506230884,"manualtrigger":false,"building":28,"campus":49}{"sensorid":"b3f1b28c49","floor":1,"bayid":3,"timestamp":"2016-10-05T17:10:44.000Z","temperatureincelsius":31.06362740139646,"humidityinpercentage":0.6250527867232695,"manualtrigger":false,"building":28,"campus":49}{"sensorid":"b8f3b28c49","floor":3,"bayid":8,"timestamp":"2016-10-05T17:10:44.000Z","temperatureincelsius":31.820912056053483,"humidityinpercentage":0.4761431415407653,"manualtrigger":false,"building":28,"campus":49}{"sensorid":"b4f13b28c49","floor":13,"bayid":4,"timestamp":"2016-10-05T17:10:44.000Z","temperatureincelsius":31.967008064019964,"humidityinpercentage":0.5531935391683102,"manualtrigger":false,"building":28,"campus":49}{"sensorid":"b9f12b28c49","floor":12,"bayid":9,"timestamp":"2016-10-05T17:10:44.000Z","temperatureincelsius":31.692303718390086,"humidityinpercentage":0.7180566446474086,"manualtrigger":false,"building":28,"campus":49}{"sensorid":"b8f9b28c49","floor":9,"bayid":8,"timestamp":"2016-10-05T17:10:44.000Z","temperatureincelsius":31.442942152006058,"humidityinpercentage":0.5493026881196084,"manualtrigger":false,"building":28,"campus":49}{"sensorid":"b1f8b28c49","floor":8,"bayid":1,"timestamp":"2016-10-05T17:10:44.000Z","temperatureincelsius":31.07240427475069,"humidityinpercentage":0.8011692705569645,"manualtrigger":false,"building":28,"campus":49}{"sensorid":"b6f9b28c49","floor":9,"bayid":6,"timestamp":"2016-10-05T17:10:44.000Z","temperatureincelsius":31.0693888697165,"humidityinpercentage":0.9477775562311418,"manualtrigger":false,"building":28,"campus":49}{"sensorid":"b5f10b28c49","floor":10,"bayid":5,"timestamp":"2016-10-05T17:10:44.000Z","temperatureincelsius":31.832388983961376,"humidityinpercentage":0.44771118389801645,"manualtrigger":false,"building":28,"campus":49}{"sensorid":"b6f7b28c49","floor":7,"bayid":6,"timestamp":"2016-10-05T17:10:44.000Z","temperatureincelsius":31.02664452233661,"humidityinpercentage":0.5178555741477086,"manualtrigger":false,"building":28,"campus":49}{"sensorid":"b6f4b28c49","floor":4,"bayid":6,"timestamp":"2016-10-05T17:10:44.000Z","temperatureincelsius":31.194000314545818,"humidityinpercentage":0.4973308440238847,"manualtrigger":false,"building":28,"campus":49}{"sensorid":"b3f3b28c49","floor":3,"bayid":3,"timestamp":"2016-10-05T17:10:44.000Z","temperatureincelsius":31.721058260985213,"humidityinpercentage":0.8019849591897731,"manualtrigger":false,"building":28,"campus":49}{"sensorid":"b3f4b28c49","floor":4,"bayid":3,"timestamp":"2016-10-05T17:10:44.000Z","temperatureincelsius":31.961054384690268,"humidityinpercentage":0.636456216981847,"manualtrigger":false,"building":28,"campus":49}{"sensorid":"b6f7b28c49","floor":7,"bayid":6,"timestamp":"2016-10-05T17:10:44.000Z","temperatureincelsius":31.028689094366825,"humidityinpercentage":0.6419238646709937,"manualtrigger":false,"building":28,"campus":49}{"sensorid":"b1f7b28c49","floor":7,"bayid":1,"timestamp":"2016-10-05T17:10:44.000Z","temperatureincelsius":31.819330050991535,"humidityinpercentage":0.7662702490418545,"manualtrigger":false,"building":28,"campus":49}